"","Var1","Freq","Support"
"1","Coffee",1864,0.199978543074777
"2","Bread",1528,0.163930908700783
"3","Tea",569,0.0610449522583414
"4","Cake",300,0.0321853878339234
"5","Pastry",264,0.0283231412938526
"6","Farm House",261,0.0280012874155134
"7","Sandwich",251,0.0269284411543826
"8","Hot chocolate",244,0.026177448771591
"9","Medialuna",183,0.0196330865786933
"10","Scandinavian",157,0.0168436862997532
"11","Cookies",151,0.0161999785430748
"12","Soup",137,0.0146979937774917
"13","Brownie",110,0.0118013088724386
"14","Alfajores",105,0.0112648857418732
"15","Muffin",99,0.0106211779851947
"16","Scone",98,0.0105138933590816
"17","Juice",95,0.0101920394807424
"18","Baguette",93,0.00997747022851625
"19","Coke",89,0.00954833172406394
"20","Toast",83,0.00890462396738547
"21","Fudge",79,0.00847548546293316
"22","Coffee, Bread",75,0.00804634695848085
"23","Jam",66,0.00708078532346315
"24","Truffles",63,0.00675893144512391
"25","Spanish Brunch",56,0.00600793906233237
"26","Coffee, Coffee",55,0.00590065443621929
"27","Bread, Coffee",53,0.00568608518399313
"28","Chicken Stew",48,0.00514966205342774
"29","Mineral water",44,0.00472052354897543
"30","Tiffin",41,0.0043986696706362
"31","Hearty & Seasonal",39,0.00418410041841004
"32","Afternoon with the baker",35,0.00375496191395773
"33","Coffee, Medialuna",31,0.00332582340950542
"34","Jammie Dodgers",31,0.00332582340950542
"35","Coffee, Cake",27,0.00289668490505311
"36","Coffee, Pastry",27,0.00289668490505311
"37","Frittata",26,0.00278940027894003
"38","Focaccia",24,0.00257483102671387
"39","Salad",22,0.00236026177448772
"40","Tartine",22,0.00236026177448772
"41","Keeping It Local",20,0.00214569252226156
"42","Bread, Bread",19,0.00203840789614848
"43","Smoothies",19,0.00203840789614848
"44","The Nomad",18,0.0019311232700354
"45","Coffee, Cookies",17,0.00182383864392233
"46","Coffee, Sandwich",17,0.00182383864392233
"47","Coffee, Toast",17,0.00182383864392233
"48","Tshirt",16,0.00171655401780925
"49","Bread, Pastry",15,0.00160926939169617
"50","Medialuna, Coffee",14,0.00150198476558309
"51","Coffee, Tea",13,0.00139470013947001
"52","Vegan mincepie",13,0.00139470013947001
"53","Bread, Tea",12,0.00128741551335694
"54","Valentine's card",12,0.00128741551335694
"55","Bakewell",11,0.00118013088724386
"56","Coffee, Muffin",11,0.00118013088724386
"57","Coffee, Scone",11,0.00118013088724386
"58","Eggs",11,0.00118013088724386
"59","Sandwich, Coffee",11,0.00118013088724386
"60","Coffee, Hot chocolate",10,0.00107284626113078
"61","Pastry, Coffee",10,0.00107284626113078
"62","Tea, Bread",10,0.00107284626113078
"63","Cake, Coffee",9,0.000965561635017702
"64","Coffee, Coffee, Pastry",9,0.000965561635017702
"65","Art Tray",8,0.000858277008904624
"66","Bread, Medialuna",8,0.000858277008904624
"67","Bread, Muffin",8,0.000858277008904624
"68","Coffee, Alfajores",8,0.000858277008904624
"69","Coffee, Coffee, Bread",8,0.000858277008904624
"70","Coffee, Coffee, Medialuna",8,0.000858277008904624
"71","Coffee, Pastry, Bread",8,0.000858277008904624
"72","Dulce de Leche",8,0.000858277008904624
"73","Granola",8,0.000858277008904624
"74","Mighty Protein",8,0.000858277008904624
"75","Tea, Coffee",8,0.000858277008904624
"76","Bread, Cake",7,0.000750992382791546
"77","Christmas common",7,0.000750992382791546
"78","Coffee, Coffee, Cake",7,0.000750992382791546
"79","Coffee, Tea, Cake",7,0.000750992382791546
"80","Coffee, Tiffin",7,0.000750992382791546
"81","Bread, Baguette",6,0.000643707756678468
"82","Coffee, Bread, Cake",6,0.000643707756678468
"83","Coffee, Coffee, Sandwich",6,0.000643707756678468
"84","Coffee, Hot chocolate, Bread",6,0.000643707756678468
"85","Muesli",6,0.000643707756678468
"86","Scone, Coffee",6,0.000643707756678468
"87","Vegan Feast",6,0.000643707756678468
"88","Bread, Bread, Coffee",5,0.00053642313056539
"89","Bread, Cookies",5,0.00053642313056539
"90","Bread, Scone",5,0.00053642313056539
"91","Coffee, Bread, Bread",5,0.00053642313056539
"92","Coffee, Bread, Sandwich",5,0.00053642313056539
"93","Coffee, Juice",5,0.00053642313056539
"94","Coffee, Spanish Brunch",5,0.00053642313056539
"95","Pastry, Bread",5,0.00053642313056539
"96","Pastry, Coffee, Coffee",5,0.00053642313056539
"97","Pintxos",5,0.00053642313056539
"98","Sandwich, Coffee, Bread",5,0.00053642313056539
"99","Bread, Brownie",4,0.000429138504452312
"100","Bread, Coffee, Bread",4,0.000429138504452312
"101","Bread, Coffee, Pastry",4,0.000429138504452312
"102","Bread, Sandwich",4,0.000429138504452312
"103","Coffee, Bread, Pastry",4,0.000429138504452312
"104","Coffee, Cake, Bread",4,0.000429138504452312
"105","Coffee, Coffee, Alfajores",4,0.000429138504452312
"106","Coffee, Coffee, Brownie",4,0.000429138504452312
"107","Coffee, Cookies, Bread",4,0.000429138504452312
"108","Coffee, Keeping It Local",4,0.000429138504452312
"109","Coffee, Salad",4,0.000429138504452312
"110","Duck egg",4,0.000429138504452312
"111","Ella's Kitchen Pouches",4,0.000429138504452312
"112","Extra Salami or Feta",4,0.000429138504452312
"113","Gingerbread syrup",4,0.000429138504452312
"114","Half slice Monster",4,0.000429138504452312
"115","Mortimer",4,0.000429138504452312
"116","Postcard",4,0.000429138504452312
"117","Soup, Coffee",4,0.000429138504452312
"118","Tea, Cake",4,0.000429138504452312
"119","Tea, Soup",4,0.000429138504452312
"120","Victorian Sponge",4,0.000429138504452312
"121","Alfajores, Coffee",3,0.000321853878339234
"122","Bread, Alfajores",3,0.000321853878339234
"123","Bread, Coffee, Cake",3,0.000321853878339234
"124","Bread, Coffee, Medialuna",3,0.000321853878339234
"125","Bread, Farm House",3,0.000321853878339234
"126","Bread, Scandinavian",3,0.000321853878339234
"127","Brownie, Coffee",3,0.000321853878339234
"128","Cake, Bread",3,0.000321853878339234
"129","Chocolates",3,0.000321853878339234
"130","Coffee granules",3,0.000321853878339234
"131","Coffee, Brownie",3,0.000321853878339234
"132","Coffee, Coffee, Muffin",3,0.000321853878339234
"133","Coffee, Coffee, Pastry, Bread",3,0.000321853878339234
"134","Coffee, Coffee, Pastry, Pastry",3,0.000321853878339234
"135","Coffee, Coffee, Toast",3,0.000321853878339234
"136","Coffee, Farm House",3,0.000321853878339234
"137","Coffee, Hot chocolate, Brownie",3,0.000321853878339234
"138","Coffee, Hot chocolate, Cake",3,0.000321853878339234
"139","Coffee, Hot chocolate, Pastry",3,0.000321853878339234
"140","Coffee, Jammie Dodgers",3,0.000321853878339234
"141","Coffee, Tea, Scone",3,0.000321853878339234
"142","Coffee, Truffles",3,0.000321853878339234
"143","Cookies, Bread",3,0.000321853878339234
"144","Crisps",3,0.000321853878339234
"145","Hot chocolate, Coffee, Sandwich, Cake",3,0.000321853878339234
"146","Kids biscuit",3,0.000321853878339234
"147","Muffin, Coffee",3,0.000321853878339234
"148","My-5 Fruit Shoot",3,0.000321853878339234
"149","Panatone",3,0.000321853878339234
"150","Sandwich, Coffee, Coffee",3,0.000321853878339234
"151","Sandwich, Tea, Coffee",3,0.000321853878339234
"152","Spanish Brunch, Coffee",3,0.000321853878339234
"153","Tea, Coffee, Coffee",3,0.000321853878339234
"154","Tiffin, Coffee",3,0.000321853878339234
"155","Alfajores, Bread",2,0.000214569252226156
"156","Alfajores, Medialuna, Coffee, Bread",2,0.000214569252226156
"157","Argentina Night",2,0.000214569252226156
"158","Bare Popcorn",2,0.000214569252226156
"159","Bread, Chicken Stew",2,0.000214569252226156
"160","Bread, Coffee, Alfajores, Cookies",2,0.000214569252226156
"161","Bread, Coffee, Brownie",2,0.000214569252226156
"162","Bread, Coffee, Hot chocolate",2,0.000214569252226156
"163","Bread, Coffee, Keeping It Local",2,0.000214569252226156
"164","Bread, Coffee, Sandwich",2,0.000214569252226156
"165","Bread, Coffee, Scone",2,0.000214569252226156
"166","Bread, Coffee, Tea",2,0.000214569252226156
"167","Bread, Coffee, Toast",2,0.000214569252226156
"168","Bread, Eggs",2,0.000214569252226156
"169","Bread, Focaccia",2,0.000214569252226156
"170","Bread, Fudge",2,0.000214569252226156
"171","Bread, Hot chocolate",2,0.000214569252226156
"172","Bread, Jam",2,0.000214569252226156
"173","Bread, Keeping It Local",2,0.000214569252226156
"174","Bread, Spanish Brunch",2,0.000214569252226156
"175","Bread, Tea, Cake",2,0.000214569252226156
"176","Bread, Toast",2,0.000214569252226156
"177","Brownie, Bread",2,0.000214569252226156
"178","Cake, Coffee, Hot chocolate",2,0.000214569252226156
"179","Coffee, Baguette",2,0.000214569252226156
"180","Coffee, Bakewell",2,0.000214569252226156
"181","Coffee, Bread, Alfajores",2,0.000214569252226156
"182","Coffee, Bread, Brownie",2,0.000214569252226156
"183","Coffee, Bread, Pastry, Medialuna",2,0.000214569252226156
"184","Coffee, Bread, Soup",2,0.000214569252226156
"185","Coffee, Chicken Stew",2,0.000214569252226156
"186","Coffee, Coffee, Cake, Bread",2,0.000214569252226156
"187","Coffee, Coffee, Cake, Pastry",2,0.000214569252226156
"188","Coffee, Coffee, Coffee, Bread",2,0.000214569252226156
"189","Coffee, Coffee, Cookies",2,0.000214569252226156
"190","Coffee, Coffee, Medialuna, Bread",2,0.000214569252226156
"191","Coffee, Coffee, Pastry, Medialuna",2,0.000214569252226156
"192","Coffee, Coffee, Salad",2,0.000214569252226156
"193","Coffee, Coffee, Sandwich, Pastry",2,0.000214569252226156
"194","Coffee, Coffee, Tea",2,0.000214569252226156
"195","Coffee, Hot chocolate, Cookies",2,0.000214569252226156
"196","Coffee, Hot chocolate, Medialuna",2,0.000214569252226156
"197","Coffee, Jammie Dodgers, Juice",2,0.000214569252226156
"198","Coffee, Juice, Pastry",2,0.000214569252226156
"199","Coffee, Kids biscuit",2,0.000214569252226156
"200","Coffee, Medialuna, Fudge",2,0.000214569252226156
"201","Coffee, Pastry, Pastry",2,0.000214569252226156
"202","Coffee, Soup",2,0.000214569252226156
"203","Coffee, Tea, Bread",2,0.000214569252226156
"204","Coffee, Tea, Cake, Bread",2,0.000214569252226156
"205","Coffee, Tea, Cookies",2,0.000214569252226156
"206","Coffee, Tea, Scone, Bread",2,0.000214569252226156
"207","Coffee, Tea, Soup",2,0.000214569252226156
"208","Crepes",2,0.000214569252226156
"209","Drinking chocolate spoons",2,0.000214569252226156
"210","Empanadas",2,0.000214569252226156
"211","Focaccia, Bread",2,0.000214569252226156
"212","Frittata, Coffee",2,0.000214569252226156
"213","Hearty & Seasonal, Coffee, Tea",2,0.000214569252226156
"214","Hot chocolate, Coffee",2,0.000214569252226156
"215","Hot chocolate, Coffee, Bread",2,0.000214569252226156
"216","Jam, Bread",2,0.000214569252226156
"217","Medialuna, Coffee, Bread",2,0.000214569252226156
"218","Medialuna, Coffee, Coffee",2,0.000214569252226156
"219","Muffin, Coffee, Coffee",2,0.000214569252226156
"220","Nomad bag",2,0.000214569252226156
"221","Pastry, Tea, Coffee",2,0.000214569252226156
"222","Pastry, Toast, Coffee",2,0.000214569252226156
"223","Pick and Mix Bowls",2,0.000214569252226156
"224","Raspberry shortbread sandwich",2,0.000214569252226156
"225","Sandwich, Bread",2,0.000214569252226156
"226","Sandwich, Bread, Coffee",2,0.000214569252226156
"227","Scandinavian, Muffin",2,0.000214569252226156
"228","Siblings",2,0.000214569252226156
"229","Soup, Bread",2,0.000214569252226156
"230","Soup, Bread, Coffee",2,0.000214569252226156
"231","Tea, Coffee, Bread",2,0.000214569252226156
"232","Tea, Coffee, Coffee, Toast",2,0.000214569252226156
"233","Tea, Coffee, Muffin",2,0.000214569252226156
"234","Tea, Sandwich",2,0.000214569252226156
"235","Tea, Spanish Brunch",2,0.000214569252226156
"236","Tea, Tea",2,0.000214569252226156
"237","The Nomad, Coffee",2,0.000214569252226156
"238","The Nomad, Tea, Coffee",2,0.000214569252226156
"239","Toast, Coffee",2,0.000214569252226156
"240","Adjustment",1,0.000107284626113078
"241","Alfajores, Alfajores, Coffee, Coffee",1,0.000107284626113078
"242","Alfajores, Bread, Coffee",1,0.000107284626113078
"243","Alfajores, Bread, Tea, Coffee",1,0.000107284626113078
"244","Alfajores, Brownie, Bread, Baguette",1,0.000107284626113078
"245","Alfajores, Brownie, Cake",1,0.000107284626113078
"246","Alfajores, Cake, Coffee, Coffee",1,0.000107284626113078
"247","Alfajores, Coffee, Tea",1,0.000107284626113078
"248","Alfajores, Juice, Coffee, Coffee, Medialuna, Cookies",1,0.000107284626113078
"249","Alfajores, Mineral water, Coffee, Hot chocolate, Cookies, Cookies",1,0.000107284626113078
"250","Alfajores, Sandwich, Hot chocolate, Coffee, Scandinavian, Cookies",1,0.000107284626113078
"251","Art Tray, Coffee, Coffee, Brownie",1,0.000107284626113078
"252","Art Tray, Coffee, Hot chocolate, Juice, Muffin",1,0.000107284626113078
"253","Art Tray, Hearty & Seasonal, Hearty & Seasonal, Tea, Coffee",1,0.000107284626113078
"254","Baguette, Brownie",1,0.000107284626113078
"255","Baguette, Coffee, Coffee, Coffee, Salad, Art Tray, Alfajores",1,0.000107284626113078
"256","Bakewell, Coffee",1,0.000107284626113078
"257","Bakewell, Tea",1,0.000107284626113078
"258","Basket",1,0.000107284626113078
"259","Basket, Bread",1,0.000107284626113078
"260","Basket, Bread, Coffee",1,0.000107284626113078
"261","Bowl Nic Pitt",1,0.000107284626113078
"262","Bread Pudding",1,0.000107284626113078
"263","Bread, Alfajores, Muffin",1,0.000107284626113078
"264","Bread, Baguette, Hot chocolate, Coffee, Toast",1,0.000107284626113078
"265","Bread, Bread, Bread",1,0.000107284626113078
"266","Bread, Bread, Bread, Cake",1,0.000107284626113078
"267","Bread, Bread, Cake",1,0.000107284626113078
"268","Bread, Bread, Cake, Bread, Soup, Soup",1,0.000107284626113078
"269","Bread, Bread, Coffee, Cake, Alfajores",1,0.000107284626113078
"270","Bread, Bread, Coffee, Coffee, Tea, Brownie, Bread, Alfajores",1,0.000107284626113078
"271","Bread, Bread, Coffee, Scone, Frittata",1,0.000107284626113078
"272","Bread, Bread, Keeping It Local, Hearty & Seasonal, Tea",1,0.000107284626113078
"273","Bread, Bread, Pastry, Medialuna",1,0.000107284626113078
"274","Bread, Bread, Scandinavian",1,0.000107284626113078
"275","Bread, Bread, Scone, Sandwich, Alfajores",1,0.000107284626113078
"276","Bread, Bread, Scone, Sandwich, The Nomad",1,0.000107284626113078
"277","Bread, Brownie, Coffee",1,0.000107284626113078
"278","Bread, Brownie, Scandinavian, Coffee, Coffee, Soup",1,0.000107284626113078
"279","Bread, Cake, Bread, Juice, Coffee",1,0.000107284626113078
"280","Bread, Cake, Coffee, Bread",1,0.000107284626113078
"281","Bread, Cake, Coffee, Coffee, Coffee",1,0.000107284626113078
"282","Bread, Cake, Cookies",1,0.000107284626113078
"283","Bread, Coffee, Alfajores, Bread",1,0.000107284626113078
"284","Bread, Coffee, Alfajores, Vegan mincepie",1,0.000107284626113078
"285","Bread, Coffee, Bakewell",1,0.000107284626113078
"286","Bread, Coffee, Bakewell, Lemon and coconut",1,0.000107284626113078
"287","Bread, Coffee, Bread, Hot chocolate",1,0.000107284626113078
"288","Bread, Coffee, Brioche and salami",1,0.000107284626113078
"289","Bread, Coffee, Coffee",1,0.000107284626113078
"290","Bread, Coffee, Coffee, Bread",1,0.000107284626113078
"291","Bread, Coffee, Coffee, Coffee",1,0.000107284626113078
"292","Bread, Coffee, Coffee, Cookies",1,0.000107284626113078
"293","Bread, Coffee, Coffee, Cookies, Cake",1,0.000107284626113078
"294","Bread, Coffee, Coffee, Pastry",1,0.000107284626113078
"295","Bread, Coffee, Coffee, Soup, Soup, Bread, Farm House",1,0.000107284626113078
"296","Bread, Coffee, Coffee, Toast",1,0.000107284626113078
"297","Bread, Coffee, Cookies",1,0.000107284626113078
"298","Bread, Coffee, Cookies, Brownie",1,0.000107284626113078
"299","Bread, Coffee, Frittata, Cookies, Mineral water",1,0.000107284626113078
"300","Bread, Coffee, Frittata, Farm House",1,0.000107284626113078
"301","Bread, Coffee, Hot chocolate, Coffee, Pastry, Scone",1,0.000107284626113078
"302","Bread, Coffee, Jammie Dodgers",1,0.000107284626113078
"303","Bread, Coffee, Juice",1,0.000107284626113078
"304","Bread, Coffee, Juice, Scone",1,0.000107284626113078
"305","Bread, Coffee, Medialuna, Farm House",1,0.000107284626113078
"306","Bread, Coffee, Medialuna, Hearty & Seasonal, Bread",1,0.000107284626113078
"307","Bread, Coffee, Medialuna, Medialuna, Jam",1,0.000107284626113078
"308","Bread, Coffee, Medialuna, Spanish Brunch, Medialuna",1,0.000107284626113078
"309","Bread, Coffee, Muffin, Cookies",1,0.000107284626113078
"310","Bread, Coffee, Pastry, Brownie",1,0.000107284626113078
"311","Bread, Coffee, Pastry, Chicken Stew",1,0.000107284626113078
"312","Bread, Coffee, Pastry, Keeping It Local",1,0.000107284626113078
"313","Bread, Coffee, Pastry, Pastry",1,0.000107284626113078
"314","Bread, Coffee, Pastry, Scone",1,0.000107284626113078
"315","Bread, Coffee, Pastry, Spanish Brunch",1,0.000107284626113078
"316","Bread, Coffee, Sandwich, Extra Salami or Feta",1,0.000107284626113078
"317","Bread, Coffee, Scone, Cookies, Soup, Salad, Truffles, Mineral water",1,0.000107284626113078
"318","Bread, Coffee, Tea, Cookies, Hot chocolate",1,0.000107284626113078
"319","Bread, Coffee, Tea, Keeping It Local, Jam, Cookies",1,0.000107284626113078
"320","Bread, Coffee, Truffles",1,0.000107284626113078
"321","Bread, Coffee, Truffles, Chicken Stew",1,0.000107284626113078
"322","Bread, Cookies, Cake",1,0.000107284626113078
"323","Bread, Cookies, Chicken Stew",1,0.000107284626113078
"324","Bread, Crepes",1,0.000107284626113078
"325","Bread, Crisps, Juice, Coffee, Hot chocolate, Truffles",1,0.000107284626113078
"326","Bread, Farm House, Coke",1,0.000107284626113078
"327","Bread, Farm House, Jam, Pastry",1,0.000107284626113078
"328","Bread, Focaccia, Medialuna, Cookies, Coffee",1,0.000107284626113078
"329","Bread, Focaccia, Tea, Coffee",1,0.000107284626113078
"330","Bread, Fudge, Cookies",1,0.000107284626113078
"331","Bread, Hot chocolate, Hot chocolate, Drinking chocolate spoons, Muffin, Pastry",1,0.000107284626113078
"332","Bread, Hot chocolate, Juice, Toast",1,0.000107284626113078
"333","Bread, Hot chocolate, Medialuna",1,0.000107284626113078
"334","Bread, Hot chocolate, Sandwich, Chocolates",1,0.000107284626113078
"335","Bread, Jam, Scone",1,0.000107284626113078
"336","Bread, Jammie Dodgers, Hot chocolate, Bread, Bread",1,0.000107284626113078
"337","Bread, Jammie Dodgers, Scandinavian",1,0.000107284626113078
"338","Bread, Juice, Coffee, Coffee, Cookies, Bread",1,0.000107284626113078
"339","Bread, Juice, Coffee, The Nomad, Sandwich",1,0.000107284626113078
"340","Bread, Juice, Sandwich, Sandwich, Cookies, Alfajores",1,0.000107284626113078
"341","Bread, Keeping It Local, Coffee",1,0.000107284626113078
"342","Bread, Medialuna, Bread",1,0.000107284626113078
"343","Bread, Medialuna, Coffee",1,0.000107284626113078
"344","Bread, Medialuna, Pastry",1,0.000107284626113078
"345","Bread, Mineral water",1,0.000107284626113078
"346","Bread, Mineral water, Drinking chocolate spoons, Coffee",1,0.000107284626113078
"347","Bread, Muffin, Coffee",1,0.000107284626113078
"348","Bread, Muffin, Coke, Sandwich, Tea, Farm House",1,0.000107284626113078
"349","Bread, Pastry, Bread",1,0.000107284626113078
"350","Bread, Pastry, Cake",1,0.000107284626113078
"351","Bread, Pastry, Coffee",1,0.000107284626113078
"352","Bread, Pastry, Coffee, Eggs",1,0.000107284626113078
"353","Bread, Pastry, Medialuna",1,0.000107284626113078
"354","Bread, Pastry, Medialuna, Coffee",1,0.000107284626113078
"355","Bread, Pastry, Pastry",1,0.000107284626113078
"356","Bread, Sandwich, Coffee",1,0.000107284626113078
"357","Bread, Sandwich, Coffee, Coffee, Soup, Cake",1,0.000107284626113078
"358","Bread, Sandwich, Tea",1,0.000107284626113078
"359","Bread, Sandwich, Toast",1,0.000107284626113078
"360","Bread, Scandinavian, Bread",1,0.000107284626113078
"361","Bread, Scandinavian, Coffee",1,0.000107284626113078
"362","Bread, Scandinavian, Fudge, Granola, Pastry, Coffee",1,0.000107284626113078
"363","Bread, Scandinavian, Pastry",1,0.000107284626113078
"364","Bread, Scone, Cookies, Soup",1,0.000107284626113078
"365","Bread, Smoothies",1,0.000107284626113078
"366","Bread, Smoothies, Spanish Brunch, Coffee",1,0.000107284626113078
"367","Bread, Soup",1,0.000107284626113078
"368","Bread, Soup, Alfajores",1,0.000107284626113078
"369","Bread, Tea, Cake, Bread, Chicken Stew",1,0.000107284626113078
"370","Bread, Tea, Chicken Stew, Soup, Cake, Pastry, Alfajores, Focaccia",1,0.000107284626113078
"371","Bread, Tea, Coffee, Alfajores, Hot chocolate",1,0.000107284626113078
"372","Bread, Tea, Juice",1,0.000107284626113078
"373","Bread, Tea, Lemon and coconut, Cake",1,0.000107284626113078
"374","Bread, Tea, Medialuna",1,0.000107284626113078
"375","Bread, Tea, Muffin, Pastry",1,0.000107284626113078
"376","Bread, Tea, Pastry",1,0.000107284626113078
"377","Bread, Tea, Scone",1,0.000107284626113078
"378","Bread, Tea, Tea, Bread, Cake",1,0.000107284626113078
"379","Bread, Tiffin",1,0.000107284626113078
"380","Bread, Tiffin, Cookies",1,0.000107284626113078
"381","Bread, Tiffin, Cookies, Toast",1,0.000107284626113078
"382","Bread, Toast, Medialuna",1,0.000107284626113078
"383","Bread, Truffles",1,0.000107284626113078
"384","Bread, Truffles, Cake, Bread",1,0.000107284626113078
"385","Bread, Truffles, Coffee, Truffles, Scandinavian",1,0.000107284626113078
"386","Bread, Truffles, Muffin",1,0.000107284626113078
"387","Bread, Vegan mincepie, Bread",1,0.000107284626113078
"388","Bread, Victorian Sponge",1,0.000107284626113078
"389","Brownie, Alfajores, Coffee, Bread",1,0.000107284626113078
"390","Brownie, Bread, Coffee",1,0.000107284626113078
"391","Brownie, Bread, Tea",1,0.000107284626113078
"392","Brownie, Coffee, Coffee",1,0.000107284626113078
"393","Brownie, Coffee, Coffee, Baguette",1,0.000107284626113078
"394","Brownie, Coffee, Coffee, Juice, Farm House",1,0.000107284626113078
"395","Brownie, Drinking chocolate spoons, Bread, Coffee, Sandwich, Sandwich",1,0.000107284626113078
"396","Brownie, Medialuna, Hot chocolate, Coffee",1,0.000107284626113078
"397","Brownie, Pastry, Bread",1,0.000107284626113078
"398","Brownie, Tea",1,0.000107284626113078
"399","Brownie, Tea, Coffee",1,0.000107284626113078
"400","Brownie, Truffles, Coffee, Coffee",1,0.000107284626113078
"401","Cake, Alfajores",1,0.000107284626113078
"402","Cake, Alfajores, Coffee",1,0.000107284626113078
"403","Cake, Bread, Baguette",1,0.000107284626113078
"404","Cake, Bread, Chicken Stew",1,0.000107284626113078
"405","Cake, Bread, Coffee, Coffee",1,0.000107284626113078
"406","Cake, Bread, Coffee, Coffee, Baguette",1,0.000107284626113078
"407","Cake, Bread, Coffee, Juice",1,0.000107284626113078
"408","Cake, Bread, Jammie Dodgers, Coffee, Tea, Coffee",1,0.000107284626113078
"409","Cake, Bread, Muffin",1,0.000107284626113078
"410","Cake, Bread, Sandwich, Sandwich",1,0.000107284626113078
"411","Cake, Brownie",1,0.000107284626113078
"412","Cake, Cake, Bread, Tea",1,0.000107284626113078
"413","Cake, Cake, Coffee",1,0.000107284626113078
"414","Cake, Cake, Coffee, Hot chocolate",1,0.000107284626113078
"415","Cake, Coffee, Coffee",1,0.000107284626113078
"416","Cake, Coffee, Coffee, Sandwich, Sandwich",1,0.000107284626113078
"417","Cake, Coffee, Coke, Tea",1,0.000107284626113078
"418","Cake, Coffee, Cookies",1,0.000107284626113078
"419","Cake, Coffee, Tea",1,0.000107284626113078
"420","Cake, Cookies, Sandwich, Soup, Coffee, Tea",1,0.000107284626113078
"421","Cake, Cookies, Tea, Coffee, Sandwich, Soup",1,0.000107284626113078
"422","Cake, Cookies, Tea, Smoothies, Coffee",1,0.000107284626113078
"423","Cake, Granola, Coffee, Sandwich, Coffee",1,0.000107284626113078
"424","Cake, Mineral water, Coffee, Sandwich",1,0.000107284626113078
"425","Cake, Muffin",1,0.000107284626113078
"426","Cake, Pastry",1,0.000107284626113078
"427","Cake, Pastry, Bread",1,0.000107284626113078
"428","Cake, Pastry, Farm House, Scandinavian",1,0.000107284626113078
"429","Cake, Scone, Coffee",1,0.000107284626113078
"430","Cake, Tea, Coffee",1,0.000107284626113078
"431","Cake, Tiffin, Bread, Hot chocolate, Coffee",1,0.000107284626113078
"432","Cake, Victorian Sponge, Scandinavian",1,0.000107284626113078
"433","Caramel bites",1,0.000107284626113078
"434","Caramel bites, Coffee, Medialuna",1,0.000107284626113078
"435","Cherry me Dried fruit",1,0.000107284626113078
"436","Cherry me Dried fruit, Toast, Extra Salami or Feta, Hot chocolate, Coffee, Cake",1,0.000107284626113078
"437","Chicken Stew, Art Tray, Pastry, Truffles, Coffee, Coke, Bread",1,0.000107284626113078
"438","Chicken Stew, Coffee",1,0.000107284626113078
"439","Chicken Stew, Sandwich, Sandwich, Tea, Bread",1,0.000107284626113078
"440","Chocolates, Tea, Coke, Juice, Coffee, Tiffin, Alfajores, Cookies, Pastry, Mineral water",1,0.000107284626113078
"441","Coffee, Afternoon with the baker, Spanish Brunch",1,0.000107284626113078
"442","Coffee, Alfajores, Alfajores, Bread",1,0.000107284626113078
"443","Coffee, Basket",1,0.000107284626113078
"444","Coffee, Bread Pudding",1,0.000107284626113078
"445","Coffee, Bread, Alfajores, Bakewell, Tea",1,0.000107284626113078
"446","Coffee, Bread, Bread, Alfajores",1,0.000107284626113078
"447","Coffee, Bread, Cake, Juice, Spanish Brunch, Salad, Extra Salami or Feta",1,0.000107284626113078
"448","Coffee, Bread, Cake, Tiffin",1,0.000107284626113078
"449","Coffee, Bread, Chicken Stew, Soup, Bread",1,0.000107284626113078
"450","Coffee, Bread, Coffee",1,0.000107284626113078
"451","Coffee, Bread, Coffee, Alfajores, Alfajores",1,0.000107284626113078
"452","Coffee, Bread, Coffee, Keeping It Local, NONE",1,0.000107284626113078
"453","Coffee, Bread, Coffee, Medialuna, Muffin, Scandinavian",1,0.000107284626113078
"454","Coffee, Bread, Cookies, Brownie",1,0.000107284626113078
"455","Coffee, Bread, Cookies, Cake",1,0.000107284626113078
"456","Coffee, Bread, Cookies, Juice",1,0.000107284626113078
"457","Coffee, Bread, Eggs",1,0.000107284626113078
"458","Coffee, Bread, Empanadas, Medialuna",1,0.000107284626113078
"459","Coffee, Bread, Farm House",1,0.000107284626113078
"460","Coffee, Bread, Frittata, Salad, Sandwich",1,0.000107284626113078
"461","Coffee, Bread, Juice, Truffles, Frittata, Cookies, Crisps",1,0.000107284626113078
"462","Coffee, Bread, Mineral water, Toast",1,0.000107284626113078
"463","Coffee, Bread, Muffin",1,0.000107284626113078
"464","Coffee, Bread, Muffin, Cake",1,0.000107284626113078
"465","Coffee, Bread, Pastry, Frittata",1,0.000107284626113078
"466","Coffee, Bread, Scone",1,0.000107284626113078
"467","Coffee, Bread, Soup, Sandwich",1,0.000107284626113078
"468","Coffee, Bread, Spanish Brunch",1,0.000107284626113078
"469","Coffee, Bread, Tea",1,0.000107284626113078
"470","Coffee, Bread, Tea, Pastry, Cake",1,0.000107284626113078
"471","Coffee, Bread, Toast",1,0.000107284626113078
"472","Coffee, Bread, Truffles, Spanish Brunch, Sandwich, Sandwich, Jammie Dodgers, Cake",1,0.000107284626113078
"473","Coffee, Bread, Vegan mincepie, Cake",1,0.000107284626113078
"474","Coffee, Brownie, Bread",1,0.000107284626113078
"475","Coffee, Brownie, Coffee",1,0.000107284626113078
"476","Coffee, Brownie, Cookies",1,0.000107284626113078
"477","Coffee, Brownie, Hearty & Seasonal, Soup, Bowl Nic Pitt",1,0.000107284626113078
"478","Coffee, Brownie, Soup",1,0.000107284626113078
"479","Coffee, Brownie, Vegan mincepie",1,0.000107284626113078
"480","Coffee, Cake, Brownie",1,0.000107284626113078
"481","Coffee, Cake, Cake",1,0.000107284626113078
"482","Coffee, Cake, Cake, Toast, Juice",1,0.000107284626113078
"483","Coffee, Cake, Juice",1,0.000107284626113078
"484","Coffee, Cake, Muffin",1,0.000107284626113078
"485","Coffee, Cake, Muffin, Toast, Coffee",1,0.000107284626113078
"486","Coffee, Cake, Vegan mincepie",1,0.000107284626113078
"487","Coffee, Chicken Stew, Sandwich, Fudge",1,0.000107284626113078
"488","Coffee, Coffee, Alfajores, Pastry, Pastry, Juice",1,0.000107284626113078
"489","Coffee, Coffee, Alfajores, Tiffin, Brownie, Bread",1,0.000107284626113078
"490","Coffee, Coffee, Art Tray, Sandwich, Bread",1,0.000107284626113078
"491","Coffee, Coffee, Bread, Alfajores, Alfajores, Pastry",1,0.000107284626113078
"492","Coffee, Coffee, Bread, Cake",1,0.000107284626113078
"493","Coffee, Coffee, Bread, Cookies",1,0.000107284626113078
"494","Coffee, Coffee, Bread, Cookies, Medialuna, Coffee",1,0.000107284626113078
"495","Coffee, Coffee, Bread, Muffin",1,0.000107284626113078
"496","Coffee, Coffee, Bread, Pastry",1,0.000107284626113078
"497","Coffee, Coffee, Bread, Tea, Alfajores, Medialuna, Pastry, Jam",1,0.000107284626113078
"498","Coffee, Coffee, Bread, Tiffin",1,0.000107284626113078
"499","Coffee, Coffee, Brownie, Muffin",1,0.000107284626113078
"500","Coffee, Coffee, Brownie, Sandwich",1,0.000107284626113078
"501","Coffee, Coffee, Brownie, Truffles",1,0.000107284626113078
"502","Coffee, Coffee, Cake, Cake",1,0.000107284626113078
"503","Coffee, Coffee, Cake, Cookies",1,0.000107284626113078
"504","Coffee, Coffee, Cake, Cookies, Bread",1,0.000107284626113078
"505","Coffee, Coffee, Cake, Muffin",1,0.000107284626113078
"506","Coffee, Coffee, Cake, Scone",1,0.000107284626113078
"507","Coffee, Coffee, Cake, Tiffin, Bread",1,0.000107284626113078
"508","Coffee, Coffee, Chicken Stew, Extra Salami or Feta",1,0.000107284626113078
"509","Coffee, Coffee, Chicken Stew, Salad",1,0.000107284626113078
"510","Coffee, Coffee, Coffee",1,0.000107284626113078
"511","Coffee, Coffee, Coffee granules",1,0.000107284626113078
"512","Coffee, Coffee, Coffee, Bread, Cake",1,0.000107284626113078
"513","Coffee, Coffee, Coffee, Bread, Cookies, Alfajores, Sandwich, Sandwich",1,0.000107284626113078
"514","Coffee, Coffee, Coffee, Bread, Pastry, Alfajores",1,0.000107284626113078
"515","Coffee, Coffee, Coffee, Brownie",1,0.000107284626113078
"516","Coffee, Coffee, Coffee, Cake, Bread, Alfajores",1,0.000107284626113078
"517","Coffee, Coffee, Coffee, Cake, Sandwich",1,0.000107284626113078
"518","Coffee, Coffee, Coffee, Pastry",1,0.000107284626113078
"519","Coffee, Coffee, Coffee, Tea, Coke, Tiffin, Medialuna, Bread, Soup, Chicken Stew, Sandwich",1,0.000107284626113078
"520","Coffee, Coffee, Coffee, Tea, Toast, Duck egg, Extra Salami or Feta, Chicken Stew, Cookies, Brownie, Bread",1,0.000107284626113078
"521","Coffee, Coffee, Cookies, Scone",1,0.000107284626113078
"522","Coffee, Coffee, Farm House",1,0.000107284626113078
"523","Coffee, Coffee, Fudge, Bread",1,0.000107284626113078
"524","Coffee, Coffee, Granola, Bread",1,0.000107284626113078
"525","Coffee, Coffee, Hot chocolate, Cake, Cake",1,0.000107284626113078
"526","Coffee, Coffee, Hot chocolate, Coffee, Cake, Medialuna",1,0.000107284626113078
"527","Coffee, Coffee, Hot chocolate, Coffee, Pastry, Cake",1,0.000107284626113078
"528","Coffee, Coffee, Hot chocolate, Hot chocolate, Cookies, Sandwich",1,0.000107284626113078
"529","Coffee, Coffee, Hot chocolate, Muffin",1,0.000107284626113078
"530","Coffee, Coffee, Hot chocolate, Sandwich",1,0.000107284626113078
"531","Coffee, Coffee, Jammie Dodgers, Alfajores, Juice",1,0.000107284626113078
"532","Coffee, Coffee, Jammie Dodgers, Scone",1,0.000107284626113078
"533","Coffee, Coffee, Jammie Dodgers, Truffles",1,0.000107284626113078
"534","Coffee, Coffee, Juice, Cake, Cookies",1,0.000107284626113078
"535","Coffee, Coffee, Juice, Cake, Scone",1,0.000107284626113078
"536","Coffee, Coffee, Juice, Cake, Scone, Toast",1,0.000107284626113078
"537","Coffee, Coffee, Juice, Sandwich, Cake, Bread, Lemon and coconut",1,0.000107284626113078
"538","Coffee, Coffee, Juice, Spanish Brunch, Alfajores",1,0.000107284626113078
"539","Coffee, Coffee, Keeping It Local, Bread",1,0.000107284626113078
"540","Coffee, Coffee, Kids biscuit",1,0.000107284626113078
"541","Coffee, Coffee, Lemon and coconut, Sandwich",1,0.000107284626113078
"542","Coffee, Coffee, Medialuna, Cookies",1,0.000107284626113078
"543","Coffee, Coffee, Medialuna, Hearty & Seasonal",1,0.000107284626113078
"544","Coffee, Coffee, Medialuna, Pastry",1,0.000107284626113078
"545","Coffee, Coffee, Pastry, Bread, Bread, Toast",1,0.000107284626113078
"546","Coffee, Coffee, Pastry, Cake",1,0.000107284626113078
"547","Coffee, Coffee, Pastry, Keeping It Local",1,0.000107284626113078
"548","Coffee, Coffee, Pastry, Muffin",1,0.000107284626113078
"549","Coffee, Coffee, Pastry, Pastry, Farm House",1,0.000107284626113078
"550","Coffee, Coffee, Pastry, Toast",1,0.000107284626113078
"551","Coffee, Coffee, Sandwich, Bakewell, Cookies, Art Tray",1,0.000107284626113078
"552","Coffee, Coffee, Sandwich, Sandwich",1,0.000107284626113078
"553","Coffee, Coffee, Sandwich, Sandwich, Jammie Dodgers, Tiffin",1,0.000107284626113078
"554","Coffee, Coffee, Scone",1,0.000107284626113078
"555","Coffee, Coffee, Scone, Coffee",1,0.000107284626113078
"556","Coffee, Coffee, Smoothies, Juice, Granola",1,0.000107284626113078
"557","Coffee, Coffee, Smoothies, Toast",1,0.000107284626113078
"558","Coffee, Coffee, Soup, Bread",1,0.000107284626113078
"559","Coffee, Coffee, Spanish Brunch",1,0.000107284626113078
"560","Coffee, Coffee, Spanish Brunch, Sandwich",1,0.000107284626113078
"561","Coffee, Coffee, Tea, Bread",1,0.000107284626113078
"562","Coffee, Coffee, Tea, Bread, Cake, Alfajores, Toast",1,0.000107284626113078
"563","Coffee, Coffee, Tea, Cake, Medialuna",1,0.000107284626113078
"564","Coffee, Coffee, Tea, Cake, Scone, Cookies",1,0.000107284626113078
"565","Coffee, Coffee, Tea, Frittata, Keeping It Local, Bread",1,0.000107284626113078
"566","Coffee, Coffee, Tea, Medialuna",1,0.000107284626113078
"567","Coffee, Coffee, Tea, Salad, Spanish Brunch",1,0.000107284626113078
"568","Coffee, Coffee, Tea, Scone",1,0.000107284626113078
"569","Coffee, Coffee, Tea, Tea, Soup, Chicken Stew, Cake, Cake",1,0.000107284626113078
"570","Coffee, Coffee, Tiffin, Muffin, Sandwich, Sandwich",1,0.000107284626113078
"571","Coffee, Coffee, Toast, Extra Salami or Feta, Cake",1,0.000107284626113078
"572","Coffee, Coffee, Toast, Pastry, Scone",1,0.000107284626113078
"573","Coffee, Coffee, Toast, Scandinavian",1,0.000107284626113078
"574","Coffee, Coffee, Truffles, Alfajores, Scone",1,0.000107284626113078
"575","Coffee, Coke",1,0.000107284626113078
"576","Coffee, Coke, Bread, Cake, Bread, Soup",1,0.000107284626113078
"577","Coffee, Coke, Mineral water, Bakewell, Salad",1,0.000107284626113078
"578","Coffee, Coke, Sandwich",1,0.000107284626113078
"579","Coffee, Coke, Sandwich, Soup",1,0.000107284626113078
"580","Coffee, Cookies, Bread, Toast",1,0.000107284626113078
"581","Coffee, Cookies, Pastry",1,0.000107284626113078
"582","Coffee, Cookies, Scandinavian",1,0.000107284626113078
"583","Coffee, Cookies, Tea",1,0.000107284626113078
"584","Coffee, Cookies, Toast",1,0.000107284626113078
"585","Coffee, Duck egg",1,0.000107284626113078
"586","Coffee, Frittata",1,0.000107284626113078
"587","Coffee, Fudge",1,0.000107284626113078
"588","Coffee, Fudge, Brownie",1,0.000107284626113078
"589","Coffee, Granola, Bread",1,0.000107284626113078
"590","Coffee, Hearty & Seasonal",1,0.000107284626113078
"591","Coffee, Hearty & Seasonal, Sandwich, Bread",1,0.000107284626113078
"592","Coffee, Hot chocolate, Bread, Pastry",1,0.000107284626113078
"593","Coffee, Hot chocolate, Brownie, Bread",1,0.000107284626113078
"594","Coffee, Hot chocolate, Cake, Bread",1,0.000107284626113078
"595","Coffee, Hot chocolate, Cake, Brownie, Extra Salami or Feta",1,0.000107284626113078
"596","Coffee, Hot chocolate, Cake, Cake",1,0.000107284626113078
"597","Coffee, Hot chocolate, Cake, Jammie Dodgers, Bread, Pastry",1,0.000107284626113078
"598","Coffee, Hot chocolate, Coffee, Bread, Cake",1,0.000107284626113078
"599","Coffee, Hot chocolate, Farm House",1,0.000107284626113078
"600","Coffee, Hot chocolate, Hearty & Seasonal, Bread",1,0.000107284626113078
"601","Coffee, Hot chocolate, Jammie Dodgers, Vegan mincepie, Cake",1,0.000107284626113078
"602","Coffee, Hot chocolate, Pastry, Bread",1,0.000107284626113078
"603","Coffee, Hot chocolate, Sandwich, Sandwich",1,0.000107284626113078
"604","Coffee, Hot chocolate, Tea, Alfajores, Sandwich, NONE",1,0.000107284626113078
"605","Coffee, Hot chocolate, Vegan mincepie, Jammie Dodgers",1,0.000107284626113078
"606","Coffee, Jammie Dodgers, Bread",1,0.000107284626113078
"607","Coffee, Jammie Dodgers, Brownie, Hot chocolate, Hot chocolate",1,0.000107284626113078
"608","Coffee, Jammie Dodgers, Muffin, Tea",1,0.000107284626113078
"609","Coffee, Jammie Dodgers, Tiffin, Juice",1,0.000107284626113078
"610","Coffee, Juice, Alfajores",1,0.000107284626113078
"611","Coffee, Juice, Bakewell",1,0.000107284626113078
"612","Coffee, Juice, Bread",1,0.000107284626113078
"613","Coffee, Juice, Bread, Bread, Afternoon with the baker",1,0.000107284626113078
"614","Coffee, Juice, Brownie, Alfajores",1,0.000107284626113078
"615","Coffee, Juice, Cake, Vegan mincepie",1,0.000107284626113078
"616","Coffee, Juice, Coffee, Coke, Sandwich, Sandwich, NONE",1,0.000107284626113078
"617","Coffee, Juice, Coffee, Jammie Dodgers, Muffin, Cake, Bread",1,0.000107284626113078
"618","Coffee, Juice, Cookies",1,0.000107284626113078
"619","Coffee, Juice, Cookies, Bread",1,0.000107284626113078
"620","Coffee, Juice, Juice, Spanish Brunch, Chicken Stew, The Nomad, Coke",1,0.000107284626113078
"621","Coffee, Juice, Medialuna, Crisps",1,0.000107284626113078
"622","Coffee, Juice, Mineral water, Medialuna, Crisps, Frittata",1,0.000107284626113078
"623","Coffee, Juice, Toast, Muffin",1,0.000107284626113078
"624","Coffee, Juice, Toast, Sandwich, Baguette",1,0.000107284626113078
"625","Coffee, Keeping It Local, Farm House",1,0.000107284626113078
"626","Coffee, Medialuna, Bread",1,0.000107284626113078
"627","Coffee, Medialuna, Cake",1,0.000107284626113078
"628","Coffee, Medialuna, Cookies",1,0.000107284626113078
"629","Coffee, Medialuna, Crepes, Alfajores",1,0.000107284626113078
"630","Coffee, Medialuna, Juice, Coke",1,0.000107284626113078
"631","Coffee, Medialuna, Medialuna, Medialuna",1,0.000107284626113078
"632","Coffee, Medialuna, Muffin",1,0.000107284626113078
"633","Coffee, Medialuna, Pastry",1,0.000107284626113078
"634","Coffee, Medialuna, Pastry, Alfajores",1,0.000107284626113078
"635","Coffee, Medialuna, Truffles",1,0.000107284626113078
"636","Coffee, Muffin, Alfajores",1,0.000107284626113078
"637","Coffee, Muffin, Bread",1,0.000107284626113078
"638","Coffee, Muffin, Mineral water, Juice",1,0.000107284626113078
"639","Coffee, Pastry, Alfajores, Farm House",1,0.000107284626113078
"640","Coffee, Pastry, Bread, Hearty & Seasonal",1,0.000107284626113078
"641","Coffee, Pastry, Brownie",1,0.000107284626113078
"642","Coffee, Pastry, Cake",1,0.000107284626113078
"643","Coffee, Pastry, Juice",1,0.000107284626113078
"644","Coffee, Pastry, Medialuna",1,0.000107284626113078
"645","Coffee, Pick and Mix Bowls",1,0.000107284626113078
"646","Coffee, Salad, Sandwich, Cake",1,0.000107284626113078
"647","Coffee, Salad, Scandinavian",1,0.000107284626113078
"648","Coffee, Sandwich, Bread",1,0.000107284626113078
"649","Coffee, Sandwich, Bread, Scandinavian, Fudge",1,0.000107284626113078
"650","Coffee, Sandwich, Brownie",1,0.000107284626113078
"651","Coffee, Sandwich, Hearty & Seasonal",1,0.000107284626113078
"652","Coffee, Sandwich, Medialuna",1,0.000107284626113078
"653","Coffee, Sandwich, Tea",1,0.000107284626113078
"654","Coffee, Sandwich, Tea, Bread",1,0.000107284626113078
"655","Coffee, Scandinavian",1,0.000107284626113078
"656","Coffee, Scandinavian, Focaccia",1,0.000107284626113078
"657","Coffee, Scandinavian, Medialuna",1,0.000107284626113078
"658","Coffee, Scone, Alfajores",1,0.000107284626113078
"659","Coffee, Scone, Coffee",1,0.000107284626113078
"660","Coffee, Smoothies, Cookies, Medialuna, Scone",1,0.000107284626113078
"661","Coffee, Smoothies, Sandwich, Hearty & Seasonal, Cake",1,0.000107284626113078
"662","Coffee, Smoothies, Soup, Sandwich, Cake",1,0.000107284626113078
"663","Coffee, Soup, Art Tray, Pastry",1,0.000107284626113078
"664","Coffee, Soup, Coffee, Muffin",1,0.000107284626113078
"665","Coffee, Soup, Pastry, Jam",1,0.000107284626113078
"666","Coffee, Soup, Sandwich, Cake",1,0.000107284626113078
"667","Coffee, Soup, Spanish Brunch",1,0.000107284626113078
"668","Coffee, Spanish Brunch, Bread",1,0.000107284626113078
"669","Coffee, Spanish Brunch, Coffee, Toast, Sandwich, Bread",1,0.000107284626113078
"670","Coffee, Spanish Brunch, Extra Salami or Feta",1,0.000107284626113078
"671","Coffee, Spanish Brunch, The Nomad, Cake, Tiffin",1,0.000107284626113078
"672","Coffee, Tacos/Fajita, Toast",1,0.000107284626113078
"673","Coffee, Tartine, Coffee, Pick and Mix Bowls, Jam",1,0.000107284626113078
"674","Coffee, Tartine, Sandwich, Brownie",1,0.000107284626113078
"675","Coffee, Tea, Art Tray, Cookies",1,0.000107284626113078
"676","Coffee, Tea, Bread, Cake",1,0.000107284626113078
"677","Coffee, Tea, Bread, Fudge, Jam",1,0.000107284626113078
"678","Coffee, Tea, Bread, Mineral water, Scone, Bread",1,0.000107284626113078
"679","Coffee, Tea, Bread, Tiffin, Chicken Stew",1,0.000107284626113078
"680","Coffee, Tea, Brownie",1,0.000107284626113078
"681","Coffee, Tea, Coffee",1,0.000107284626113078
"682","Coffee, Tea, Coffee, Coffee",1,0.000107284626113078
"683","Coffee, Tea, Cookies, Pastry",1,0.000107284626113078
"684","Coffee, Tea, Hot chocolate",1,0.000107284626113078
"685","Coffee, Tea, Hot chocolate, Brownie, Alfajores, Bread",1,0.000107284626113078
"686","Coffee, Tea, Juice",1,0.000107284626113078
"687","Coffee, Tea, Juice, Smoothies, Jammie Dodgers, Muffin, Juice, Bakewell",1,0.000107284626113078
"688","Coffee, Tea, Keeping It Local",1,0.000107284626113078
"689","Coffee, Tea, Medialuna, Brownie, Juice",1,0.000107284626113078
"690","Coffee, Tea, Muffin, Muffin",1,0.000107284626113078
"691","Coffee, Tea, NONE",1,0.000107284626113078
"692","Coffee, Tea, Pastry, Medialuna",1,0.000107284626113078
"693","Coffee, Tea, Sandwich",1,0.000107284626113078
"694","Coffee, Tea, Sandwich, Medialuna, Bread",1,0.000107284626113078
"695","Coffee, Tea, Sandwich, Sandwich",1,0.000107284626113078
"696","Coffee, Tea, Sandwich, Toast",1,0.000107284626113078
"697","Coffee, Tea, Scone, Cake",1,0.000107284626113078
"698","Coffee, Tea, Soup, Bread",1,0.000107284626113078
"699","Coffee, Tea, Soup, Extra Salami or Feta",1,0.000107284626113078
"700","Coffee, Tea, Spanish Brunch",1,0.000107284626113078
"701","Coffee, Tea, Tea, Hearty & Seasonal, Tiffin, Bread, Cake",1,0.000107284626113078
"702","Coffee, Tea, The Nomad, Scone",1,0.000107284626113078
"703","Coffee, The Nomad",1,0.000107284626113078
"704","Coffee, The Nomad, Bread",1,0.000107284626113078
"705","Coffee, Tiffin, Bread",1,0.000107284626113078
"706","Coffee, Tiffin, Scone, Bread",1,0.000107284626113078
"707","Coffee, Toast, Coffee, Cookies",1,0.000107284626113078
"708","Coffee, Toast, Cookies, Coffee",1,0.000107284626113078
"709","Coffee, Toast, Scandinavian",1,0.000107284626113078
"710","Coffee, Toast, Scone",1,0.000107284626113078
"711","Coffee, Toast, Vegan mincepie, Mineral water, Coffee",1,0.000107284626113078
"712","Coffee, Truffles, Bread",1,0.000107284626113078
"713","Coffee, Truffles, Cake, Vegan mincepie",1,0.000107284626113078
"714","Coffee, Truffles, Pastry, Bread",1,0.000107284626113078
"715","Coffee, Truffles, Soup, Sandwich",1,0.000107284626113078
"716","Coffee, Vegan mincepie",1,0.000107284626113078
"717","Coffee, Vegan mincepie, Cake",1,0.000107284626113078
"718","Coffee, Vegan mincepie, Pastry",1,0.000107284626113078
"719","Coke, Coffee, Brownie",1,0.000107284626113078
"720","Coke, Coffee, Coffee, Hot chocolate",1,0.000107284626113078
"721","Coke, Coffee, Sandwich, Muffin",1,0.000107284626113078
"722","Coke, Juice, Coffee, Chicken Stew, Sandwich, Sandwich, Sandwich, Cookies, Cookies",1,0.000107284626113078
"723","Coke, Juice, Truffles, Salad, Coffee, Cake, Sandwich, Chicken Stew, Alfajores",1,0.000107284626113078
"724","Coke, Tea, Cake",1,0.000107284626113078
"725","Cookies, Bread, Bread",1,0.000107284626113078
"726","Cookies, Brownie, Coffee",1,0.000107284626113078
"727","Cookies, Brownie, Coffee, Tea",1,0.000107284626113078
"728","Cookies, Cake, Brownie, Coffee",1,0.000107284626113078
"729","Cookies, Cake, Coffee, Coffee",1,0.000107284626113078
"730","Cookies, Cake, Coffee, My-5 Fruit Shoot",1,0.000107284626113078
"731","Cookies, Coffee",1,0.000107284626113078
"732","Cookies, Coffee, Pastry, Cookies",1,0.000107284626113078
"733","Cookies, Cookies, Coffee, Coke",1,0.000107284626113078
"734","Cookies, Cookies, Tea, Pastry",1,0.000107284626113078
"735","Cookies, Farm House",1,0.000107284626113078
"736","Cookies, Hot chocolate, Tea, Toast",1,0.000107284626113078
"737","Cookies, Juice, Coffee, Coffee",1,0.000107284626113078
"738","Cookies, Juice, Tea, Alfajores",1,0.000107284626113078
"739","Cookies, Mineral water, Coffee",1,0.000107284626113078
"740","Cookies, My-5 Fruit Shoot, Coffee, Keeping It Local",1,0.000107284626113078
"741","Cookies, Pastry, Coffee",1,0.000107284626113078
"742","Cookies, Pastry, Coffee, Juice",1,0.000107284626113078
"743","Cookies, Tea",1,0.000107284626113078
"744","Duck egg, Sandwich, Soup, Truffles, Coffee",1,0.000107284626113078
"745","Dulce de Leche, Bread, Coffee, Pastry, Bread",1,0.000107284626113078
"746","Eggs, Bread",1,0.000107284626113078
"747","Eggs, Coffee",1,0.000107284626113078
"748","Eggs, Coffee, Pastry",1,0.000107284626113078
"749","Ella's Kitchen Pouches, Coffee",1,0.000107284626113078
"750","Ella's Kitchen Pouches, Juice, Bread, Muffin, Jam",1,0.000107284626113078
"751","Empanadas, Bread, Scandinavian",1,0.000107284626113078
"752","Extra Salami or Feta, Salad, Toast, Coffee",1,0.000107284626113078
"753","Extra Salami or Feta, Tea",1,0.000107284626113078
"754","Farm House, Bread",1,0.000107284626113078
"755","Farm House, Bread, Coffee, Toast",1,0.000107284626113078
"756","Farm House, Cake, Medialuna, Tea, Coffee",1,0.000107284626113078
"757","Farm House, Coffee, Cookies",1,0.000107284626113078
"758","Farm House, Coffee, Hot chocolate",1,0.000107284626113078
"759","Farm House, Coffee, Medialuna, Bread",1,0.000107284626113078
"760","Farm House, Pastry, Medialuna, Hot chocolate, Coffee",1,0.000107284626113078
"761","Farm House, Scandinavian, Coffee, Toast, Cake",1,0.000107284626113078
"762","Frittata, Bread",1,0.000107284626113078
"763","Frittata, Bread, Muffin",1,0.000107284626113078
"764","Frittata, Coffee, Coffee",1,0.000107284626113078
"765","Frittata, Pastry, Vegan mincepie",1,0.000107284626113078
"766","Frittata, Sandwich, Coffee",1,0.000107284626113078
"767","Frittata, Tea",1,0.000107284626113078
"768","Frittata, Tea, Bread",1,0.000107284626113078
"769","Frittata, Tea, Coffee",1,0.000107284626113078
"770","Fudge, Bread",1,0.000107284626113078
"771","Fudge, Fudge, Coffee, Alfajores",1,0.000107284626113078
"772","Fudge, Jam, Bread, Farm House",1,0.000107284626113078
"773","Fudge, Sandwich",1,0.000107284626113078
"774","Fudge, Tea, Coffee, Muffin",1,0.000107284626113078
"775","Gift voucher, Bread",1,0.000107284626113078
"776","Gingerbread syrup, Coffee",1,0.000107284626113078
"777","Granola, Extra Salami or Feta, Coffee",1,0.000107284626113078
"778","Half slice Monster, Tiffin, Coffee, Juice",1,0.000107284626113078
"779","Hearty & Seasonal, Bread",1,0.000107284626113078
"780","Hearty & Seasonal, Coffee",1,0.000107284626113078
"781","Hearty & Seasonal, Coffee, Bread",1,0.000107284626113078
"782","Hearty & Seasonal, Coffee, Cake",1,0.000107284626113078
"783","Hearty & Seasonal, Coffee, Muffin, Scandinavian",1,0.000107284626113078
"784","Hearty & Seasonal, Mineral water, Muffin",1,0.000107284626113078
"785","Hearty & Seasonal, Sandwich, Bread, Muffin, Brownie",1,0.000107284626113078
"786","Hearty & Seasonal, Soup, Bread, Coffee",1,0.000107284626113078
"787","Hearty & Seasonal, Tea, Bread",1,0.000107284626113078
"788","Hearty & Seasonal, Tea, Farm House",1,0.000107284626113078
"789","Honey",1,0.000107284626113078
"790","Hot chocolate, Bread",1,0.000107284626113078
"791","Hot chocolate, Bread, Alfajores",1,0.000107284626113078
"792","Hot chocolate, Bread, Brownie, Scone",1,0.000107284626113078
"793","Hot chocolate, Bread, Cake, Jammie Dodgers",1,0.000107284626113078
"794","Hot chocolate, Bread, Cookies",1,0.000107284626113078
"795","Hot chocolate, Bread, Muffin, Coffee, Pastry",1,0.000107284626113078
"796","Hot chocolate, Bread, Pastry, Pastry",1,0.000107284626113078
"797","Hot chocolate, Bread, Sandwich",1,0.000107284626113078
"798","Hot chocolate, Cake",1,0.000107284626113078
"799","Hot chocolate, Coffee, Alfajores",1,0.000107284626113078
"800","Hot chocolate, Coffee, Bread, Scandinavian, Cookies",1,0.000107284626113078
"801","Hot chocolate, Coffee, Bread, Scone, Cookies, Hearty & Seasonal",1,0.000107284626113078
"802","Hot chocolate, Coffee, Cake",1,0.000107284626113078
"803","Hot chocolate, Coffee, Cake, Scone, Cookies, Bread",1,0.000107284626113078
"804","Hot chocolate, Coffee, Coffee",1,0.000107284626113078
"805","Hot chocolate, Coffee, Coffee, Cake, Cookies",1,0.000107284626113078
"806","Hot chocolate, Coffee, Coffee, Cookies",1,0.000107284626113078
"807","Hot chocolate, Coffee, Cookies, Medialuna, Cookies",1,0.000107284626113078
"808","Hot chocolate, Coffee, Muffin, Alfajores",1,0.000107284626113078
"809","Hot chocolate, Coffee, Pastry",1,0.000107284626113078
"810","Hot chocolate, Coffee, Pastry, Bread",1,0.000107284626113078
"811","Hot chocolate, Coffee, Pastry, Cookies",1,0.000107284626113078
"812","Hot chocolate, Coffee, Scone",1,0.000107284626113078
"813","Hot chocolate, Coffee, Scone, Cake",1,0.000107284626113078
"814","Hot chocolate, Coffee, Toast",1,0.000107284626113078
"815","Hot chocolate, Cookies, Hot chocolate",1,0.000107284626113078
"816","Hot chocolate, Hot chocolate, Bread, Coffee",1,0.000107284626113078
"817","Hot chocolate, Hot chocolate, Coffee",1,0.000107284626113078
"818","Hot chocolate, Hot chocolate, Coffee, Coffee, Coffee, Cookies, Cookies, Brownie, Pastry, Baguette",1,0.000107284626113078
"819","Hot chocolate, Hot chocolate, Coffee, Toast",1,0.000107284626113078
"820","Hot chocolate, Jam, Cookies",1,0.000107284626113078
"821","Hot chocolate, Juice, Hot chocolate, Toast, Chicken Stew, Tea, Tea",1,0.000107284626113078
"822","Hot chocolate, Medialuna, Coffee",1,0.000107284626113078
"823","Hot chocolate, Smoothies, Bread, Cookies, Cookies",1,0.000107284626113078
"824","Hot chocolate, Smoothies, The Nomad, Bread, Afternoon with the baker",1,0.000107284626113078
"825","Jam, Bread, Pastry",1,0.000107284626113078
"826","Jam, Bread, Scandinavian",1,0.000107284626113078
"827","Jam, Coffee, Farm House",1,0.000107284626113078
"828","Jam, Coffee, Hot chocolate, Toast",1,0.000107284626113078
"829","Jam, Coffee, Tartine, Pastry, Tea",1,0.000107284626113078
"830","Jammie Dodgers, Bread",1,0.000107284626113078
"831","Jammie Dodgers, Cake, Coffee, Coffee",1,0.000107284626113078
"832","Jammie Dodgers, Coffee",1,0.000107284626113078
"833","Jammie Dodgers, Cookies, Bakewell, Coffee",1,0.000107284626113078
"834","Jammie Dodgers, Muffin, Coffee, Coffee, Juice",1,0.000107284626113078
"835","Juice, Alfajores, Cookies, Pick and Mix Bowls, Mineral water",1,0.000107284626113078
"836","Juice, Bread, Sandwich, Sandwich, Sandwich, Coke",1,0.000107284626113078
"837","Juice, Coffee, Bread, Spanish Brunch",1,0.000107284626113078
"838","Juice, Coffee, Bread, Toast",1,0.000107284626113078
"839","Juice, Coffee, Cake",1,0.000107284626113078
"840","Juice, Coffee, Coffee",1,0.000107284626113078
"841","Juice, Coffee, Coffee, Chicken Stew, Granola",1,0.000107284626113078
"842","Juice, Coffee, Sandwich, Ella's Kitchen Pouches",1,0.000107284626113078
"843","Juice, Hot chocolate, Coffee, Cake",1,0.000107284626113078
"844","Juice, Hot chocolate, Coffee, Hearty & Seasonal",1,0.000107284626113078
"845","Juice, Hot chocolate, Coffee, Tea, Pastry, Brownie",1,0.000107284626113078
"846","Juice, Tartine, Coffee, Muffin",1,0.000107284626113078
"847","Juice, Tea, Bread",1,0.000107284626113078
"848","Juice, Tea, Bread, Medialuna",1,0.000107284626113078
"849","Juice, Tea, Cake",1,0.000107284626113078
"850","Juice, Tea, Cookies",1,0.000107284626113078
"851","Keeping It Local, Coffee",1,0.000107284626113078
"852","Keeping It Local, Coffee, Bread",1,0.000107284626113078
"853","Keeping It Local, Coffee, Coffee",1,0.000107284626113078
"854","Keeping It Local, Cookies, Coffee",1,0.000107284626113078
"855","Keeping It Local, Tea, Coffee, Coffee",1,0.000107284626113078
"856","Kids biscuit, Bread",1,0.000107284626113078
"857","Medialuna, Bakewell, Coffee, Bread, Toast",1,0.000107284626113078
"858","Medialuna, Bread",1,0.000107284626113078
"859","Medialuna, Bread, Bread, Coffee, Mineral water",1,0.000107284626113078
"860","Medialuna, Bread, Cake, Muffin, Granola, Sandwich, Coffee, Hot chocolate, Tea",1,0.000107284626113078
"861","Medialuna, Bread, Coffee, Coffee, Scandinavian",1,0.000107284626113078
"862","Medialuna, Bread, Coffee, Pastry, Farm House",1,0.000107284626113078
"863","Medialuna, Bread, Farm House",1,0.000107284626113078
"864","Medialuna, Bread, Focaccia",1,0.000107284626113078
"865","Medialuna, Bread, Muffin, Coffee, Sandwich",1,0.000107284626113078
"866","Medialuna, Bread, Tea, Coffee",1,0.000107284626113078
"867","Medialuna, Bread, Tea, Coffee, Coffee, Ella's Kitchen Pouches",1,0.000107284626113078
"868","Medialuna, Cake, Toast, Coffee, Coffee",1,0.000107284626113078
"869","Medialuna, Coffee, Bread, Frittata, Muffin",1,0.000107284626113078
"870","Medialuna, Coffee, Hot chocolate",1,0.000107284626113078
"871","Medialuna, Coffee, Hot chocolate, Bread, Scandinavian",1,0.000107284626113078
"872","Medialuna, Coffee, Tea",1,0.000107284626113078
"873","Medialuna, Coffee, Toast",1,0.000107284626113078
"874","Medialuna, Hot chocolate, Bread, Coffee",1,0.000107284626113078
"875","Medialuna, Medialuna, Cake, Scone",1,0.000107284626113078
"876","Medialuna, Medialuna, Coffee",1,0.000107284626113078
"877","Medialuna, Medialuna, Hot chocolate, Coffee",1,0.000107284626113078
"878","Medialuna, Muffin",1,0.000107284626113078
"879","Medialuna, Muffin, Spanish Brunch, Chicken Stew, Coffee",1,0.000107284626113078
"880","Medialuna, Pastry, Bread, Coffee",1,0.000107284626113078
"881","Medialuna, Pastry, Coffee, Coffee, Bread",1,0.000107284626113078
"882","Medialuna, Pastry, Coffee, Tea",1,0.000107284626113078
"883","Medialuna, Pastry, Muffin",1,0.000107284626113078
"884","Medialuna, Scandinavian, Coffee",1,0.000107284626113078
"885","Medialuna, Tea",1,0.000107284626113078
"886","Medialuna, Truffles, Tea",1,0.000107284626113078
"887","Mighty Protein, Coffee",1,0.000107284626113078
"888","Mighty Protein, Hearty & Seasonal, Coffee, Coke",1,0.000107284626113078
"889","Mineral water, Coffee, Kids biscuit, Muffin",1,0.000107284626113078
"890","Mineral water, Scandinavian",1,0.000107284626113078
"891","Muesli, The Nomad, Coffee, Bread",1,0.000107284626113078
"892","Muffin, Bread",1,0.000107284626113078
"893","Muffin, Cake, Coffee, Coffee",1,0.000107284626113078
"894","Muffin, Cake, Coffee, Tea",1,0.000107284626113078
"895","Muffin, Hot chocolate, Coffee",1,0.000107284626113078
"896","Muffin, Jammie Dodgers, Cake, Bread, Hot chocolate",1,0.000107284626113078
"897","Muffin, Pastry, Bread",1,0.000107284626113078
"898","Muffin, Pastry, Coffee, Tea",1,0.000107284626113078
"899","Muffin, Scandinavian",1,0.000107284626113078
"900","Nomad bag, Bread, Coffee, Coffee, Cake, Cake",1,0.000107284626113078
"901","Pastry, Bread, Brownie",1,0.000107284626113078
"902","Pastry, Bread, Coffee",1,0.000107284626113078
"903","Pastry, Bread, Cookies, Coffee, Bread",1,0.000107284626113078
"904","Pastry, Bread, Eggs, Nomad bag",1,0.000107284626113078
"905","Pastry, Bread, Jam",1,0.000107284626113078
"906","Pastry, Cake, Bread, Coffee, Tea",1,0.000107284626113078
"907","Pastry, Cake, Coffee",1,0.000107284626113078
"908","Pastry, Cake, Coffee, Coffee",1,0.000107284626113078
"909","Pastry, Coffee, Bread",1,0.000107284626113078
"910","Pastry, Coffee, Bread, Spanish Brunch",1,0.000107284626113078
"911","Pastry, Coffee, Brownie",1,0.000107284626113078
"912","Pastry, Coffee, Coffee, Coffee",1,0.000107284626113078
"913","Pastry, Coffee, Juice",1,0.000107284626113078
"914","Pastry, Coffee, Soup, Sandwich",1,0.000107284626113078
"915","Pastry, Coffee, Tea",1,0.000107284626113078
"916","Pastry, Cookies, Coffee",1,0.000107284626113078
"917","Pastry, Medialuna, Coffee",1,0.000107284626113078
"918","Pastry, Medialuna, Coffee, Tea",1,0.000107284626113078
"919","Pastry, Medialuna, Hot chocolate, Coffee",1,0.000107284626113078
"920","Pastry, Medialuna, Pastry, Coffee, Coffee, Hot chocolate, The Nomad, Toast",1,0.000107284626113078
"921","Pastry, Pastry, Bread",1,0.000107284626113078
"922","Pastry, Pastry, Bread, Sandwich, Coffee",1,0.000107284626113078
"923","Pastry, Pastry, Coffee, Juice",1,0.000107284626113078
"924","Pastry, Scone, Bread",1,0.000107284626113078
"925","Pick and Mix Bowls, Hearty & Seasonal, Hearty & Seasonal, Coffee, Smoothies, Coffee",1,0.000107284626113078
"926","Polenta",1,0.000107284626113078
"927","Postcard, Coffee",1,0.000107284626113078
"928","Salad, Extra Salami or Feta, Bread, Baguette, Tea, Bread",1,0.000107284626113078
"929","Salad, Extra Salami or Feta, Coffee, Bread",1,0.000107284626113078
"930","Salad, Sandwich, Bread, Coffee, Alfajores",1,0.000107284626113078
"931","Salad, Sandwich, Tea, Tea, Scone, Cookies",1,0.000107284626113078
"932","Sandwich, Bread, Alfajores, Fudge",1,0.000107284626113078
"933","Sandwich, Bread, Bread, Muffin",1,0.000107284626113078
"934","Sandwich, Bread, Hot chocolate, Bread",1,0.000107284626113078
"935","Sandwich, Bread, Jam",1,0.000107284626113078
"936","Sandwich, Bread, Muffin",1,0.000107284626113078
"937","Sandwich, Bread, Tea",1,0.000107284626113078
"938","Sandwich, Bread, Tea, Cake",1,0.000107284626113078
"939","Sandwich, Cake, Smoothies, Bread",1,0.000107284626113078
"940","Sandwich, Coffee, Brownie",1,0.000107284626113078
"941","Sandwich, Coffee, Coffee, Juice, Bread",1,0.000107284626113078
"942","Sandwich, Coffee, Coffee, Tea, Brownie, Cake",1,0.000107284626113078
"943","Sandwich, Coffee, Fudge, Jam, Bread Pudding",1,0.000107284626113078
"944","Sandwich, Coffee, Hot chocolate",1,0.000107284626113078
"945","Sandwich, Coffee, Hot chocolate, Cookies, Crisps, Bare Popcorn, Coffee",1,0.000107284626113078
"946","Sandwich, Coffee, Mineral water",1,0.000107284626113078
"947","Sandwich, Coffee, Soup, Art Tray, Scone, Brownie",1,0.000107284626113078
"948","Sandwich, Coffee, Tea",1,0.000107284626113078
"949","Sandwich, Coffee, Truffles",1,0.000107284626113078
"950","Sandwich, Hearty & Seasonal, Coffee",1,0.000107284626113078
"951","Sandwich, Hot chocolate, Coffee, Hearty & Seasonal, Cookies",1,0.000107284626113078
"952","Sandwich, Mineral water, Bread, Coffee, Alfajores, Bread",1,0.000107284626113078
"953","Sandwich, Sandwich, Coffee, Coffee",1,0.000107284626113078
"954","Sandwich, Sandwich, Coke, Smoothies, Bread, Coffee, Alfajores, Crisps",1,0.000107284626113078
"955","Sandwich, Sandwich, Tea, Coffee",1,0.000107284626113078
"956","Sandwich, Soup, Bread, Cake",1,0.000107284626113078
"957","Sandwich, Soup, Bread, Tea",1,0.000107284626113078
"958","Sandwich, Soup, Coffee",1,0.000107284626113078
"959","Sandwich, Soup, Soup, Tea",1,0.000107284626113078
"960","Sandwich, Truffles, Coffee, Pastry",1,0.000107284626113078
"961","Scandinavian, Coffee, Alfajores",1,0.000107284626113078
"962","Scandinavian, Coffee, Pastry",1,0.000107284626113078
"963","Scandinavian, Fudge",1,0.000107284626113078
"964","Scandinavian, Medialuna",1,0.000107284626113078
"965","Scandinavian, Pastry, Hot chocolate, Coffee, Bread",1,0.000107284626113078
"966","Scandinavian, Scandinavian",1,0.000107284626113078
"967","Scandinavian, Tea, Coffee",1,0.000107284626113078
"968","Scone, Bread, Baguette",1,0.000107284626113078
"969","Scone, Bread, Bread",1,0.000107284626113078
"970","Scone, Bread, Coffee, Hot chocolate",1,0.000107284626113078
"971","Scone, Bread, Spanish Brunch",1,0.000107284626113078
"972","Scone, Bread, Tea, Coffee",1,0.000107284626113078
"973","Scone, Coffee, Coffee",1,0.000107284626113078
"974","Scone, Coffee, Coffee, Coffee, Cake",1,0.000107284626113078
"975","Scone, Coffee, Tea",1,0.000107284626113078
"976","Scone, Coke, Coffee, Soup",1,0.000107284626113078
"977","Scone, Cookies, Coffee, Juice",1,0.000107284626113078
"978","Scone, Frittata, Tea, Bread",1,0.000107284626113078
"979","Scone, Muffin, Cake, Tea, Bread",1,0.000107284626113078
"980","Scone, Pastry, Coffee",1,0.000107284626113078
"981","Smoothies, Cake, Coffee, Bread",1,0.000107284626113078
"982","Smoothies, Coffee, Coffee, Cake",1,0.000107284626113078
"983","Smoothies, Coffee, Soup, Salad",1,0.000107284626113078
"984","Smoothies, Tea, Chicken Stew, Spanish Brunch, Farm House, Cake",1,0.000107284626113078
"985","Soup, Art Tray, My-5 Fruit Shoot, Bread, Muffin",1,0.000107284626113078
"986","Soup, Cake, Coffee, Coffee",1,0.000107284626113078
"987","Soup, Chicken Stew, Coffee, Tea",1,0.000107284626113078
"988","Soup, Coffee, Bread",1,0.000107284626113078
"989","Soup, Coffee, Cake",1,0.000107284626113078
"990","Soup, Coffee, Coffee",1,0.000107284626113078
"991","Soup, Coffee, Coffee, Coffee, Cake",1,0.000107284626113078
"992","Soup, Coffee, Hot chocolate, Brownie",1,0.000107284626113078
"993","Soup, Coffee, Pastry",1,0.000107284626113078
"994","Soup, Coke, Hot chocolate, Fudge",1,0.000107284626113078
"995","Soup, Salad, Bread",1,0.000107284626113078
"996","Soup, Salad, Extra Salami or Feta, Sandwich, Coffee, Coffee, Coffee",1,0.000107284626113078
"997","Soup, Sandwich, Bread",1,0.000107284626113078
"998","Soup, Sandwich, Coffee",1,0.000107284626113078
"999","Soup, Sandwich, Coffee, Medialuna",1,0.000107284626113078
"1000","Soup, Sandwich, Tea",1,0.000107284626113078
"1001","Soup, Sandwich, Tea, Alfajores, Alfajores",1,0.000107284626113078
"1002","Soup, Soup, Coffee, Coffee, Cookies, Scone, Hot chocolate",1,0.000107284626113078
"1003","Soup, Tea, Juice",1,0.000107284626113078
"1004","Soup, Truffles",1,0.000107284626113078
"1005","Spanish Brunch, Bread",1,0.000107284626113078
"1006","Spanish Brunch, Chicken Stew, Sandwich, Coffee, Coffee, Juice",1,0.000107284626113078
"1007","Spanish Brunch, Coffee, Bread",1,0.000107284626113078
"1008","Spanish Brunch, Coffee, Coke, Bread, Mineral water, Soup",1,0.000107284626113078
"1009","Spanish Brunch, Coffee, Hot chocolate, Bakewell, Bread",1,0.000107284626113078
"1010","Spanish Brunch, Coffee, Smoothies",1,0.000107284626113078
"1011","Spanish Brunch, Juice, Coffee",1,0.000107284626113078
"1012","Spanish Brunch, Juice, Coffee, Medialuna, Cake",1,0.000107284626113078
"1013","Spanish Brunch, Salad, Extra Salami or Feta, Coffee, Coffee",1,0.000107284626113078
"1014","Spanish Brunch, Tea, Bread, Cake",1,0.000107284626113078
"1015","Spanish Brunch, Tea, Coffee",1,0.000107284626113078
"1016","Spanish Brunch, Tea, Juice, Coffee",1,0.000107284626113078
"1017","Spanish Brunch, Toast, Salad, Baguette",1,0.000107284626113078
"1018","Spread",1,0.000107284626113078
"1019","Tartine, Coffee, Tea",1,0.000107284626113078
"1020","Tartine, Pastry, Bread, My-5 Fruit Shoot",1,0.000107284626113078
"1021","Tartine, Sandwich, Tea, Bread",1,0.000107284626113078
"1022","Tea, Alfajores",1,0.000107284626113078
"1023","Tea, Bread, Cake",1,0.000107284626113078
"1024","Tea, Bread, Coffee, Scone, Medialuna, Bread",1,0.000107284626113078
"1025","Tea, Bread, Cookies, Sandwich, Juice",1,0.000107284626113078
"1026","Tea, Brownie",1,0.000107284626113078
"1027","Tea, Brownie, Alfajores, Pastry, Bread",1,0.000107284626113078
"1028","Tea, Brownie, Cookies",1,0.000107284626113078
"1029","Tea, Cake, Bread",1,0.000107284626113078
"1030","Tea, Coffee, Alfajores",1,0.000107284626113078
"1031","Tea, Coffee, Bread, Pastry",1,0.000107284626113078
"1032","Tea, Coffee, Bread, Salad, Tiffin",1,0.000107284626113078
"1033","Tea, Coffee, Cake",1,0.000107284626113078
"1034","Tea, Coffee, Coffee, Coke",1,0.000107284626113078
"1035","Tea, Coffee, Coffee, Muffin, Cake",1,0.000107284626113078
"1036","Tea, Coffee, Coffee, Pastry, Scone",1,0.000107284626113078
"1037","Tea, Coffee, Cookies",1,0.000107284626113078
"1038","Tea, Coffee, Cookies, Muffin",1,0.000107284626113078
"1039","Tea, Coffee, Frittata",1,0.000107284626113078
"1040","Tea, Coffee, Honey, Cookies",1,0.000107284626113078
"1041","Tea, Coffee, Jammie Dodgers, Cake, Bread",1,0.000107284626113078
"1042","Tea, Coffee, Keeping It Local",1,0.000107284626113078
"1043","Tea, Coffee, Medialuna, Cookies, Farm House",1,0.000107284626113078
"1044","Tea, Coffee, Pastry",1,0.000107284626113078
"1045","Tea, Coffee, Pastry, Alfajores",1,0.000107284626113078
"1046","Tea, Coffee, Sandwich",1,0.000107284626113078
"1047","Tea, Coffee, Sandwich, Muffin",1,0.000107284626113078
"1048","Tea, Coffee, Sandwich, Sandwich",1,0.000107284626113078
"1049","Tea, Coffee, Soup, Keeping It Local",1,0.000107284626113078
"1050","Tea, Coffee, Tiffin, Cookies, Ella's Kitchen Pouches",1,0.000107284626113078
"1051","Tea, Coffee, Toast",1,0.000107284626113078
"1052","Tea, Coffee, Toast, Bread",1,0.000107284626113078
"1053","Tea, Coffee, Truffles",1,0.000107284626113078
"1054","Tea, Coke, Frittata, Sandwich",1,0.000107284626113078
"1055","Tea, Coke, Truffles, Bread",1,0.000107284626113078
"1056","Tea, Cookies",1,0.000107284626113078
"1057","Tea, Duck egg",1,0.000107284626113078
"1058","Tea, Hot chocolate",1,0.000107284626113078
"1059","Tea, Juice, Cake",1,0.000107284626113078
"1060","Tea, Juice, Muffin, Salad",1,0.000107284626113078
"1061","Tea, Juice, Tacos/Fajita",1,0.000107284626113078
"1062","Tea, Muesli, Bread",1,0.000107284626113078
"1063","Tea, Muffin",1,0.000107284626113078
"1064","Tea, Muffin, Cake, Juice, Coffee",1,0.000107284626113078
"1065","Tea, Pastry",1,0.000107284626113078
"1066","Tea, Sandwich, Bread",1,0.000107284626113078
"1067","Tea, Sandwich, Brownie",1,0.000107284626113078
"1068","Tea, Scone, Bread",1,0.000107284626113078
"1069","Tea, Scone, Coffee",1,0.000107284626113078
"1070","Tea, Tea, Bread, Alfajores, Bread, Spanish Brunch",1,0.000107284626113078
"1071","Tea, Tea, Bread, Soup, Spanish Brunch, Chicken Stew",1,0.000107284626113078
"1072","Tea, Tea, Coffee, Coffee, Juice, Cake, Cake",1,0.000107284626113078
"1073","Tea, Tea, Coffee, Coffee, Sandwich",1,0.000107284626113078
"1074","Tea, Tea, Hot chocolate, Toast, Sandwich",1,0.000107284626113078
"1075","Tea, Tea, Soup, Cake, Bread, Scone, Cake",1,0.000107284626113078
"1076","Tea, Tea, Spanish Brunch, Chicken Stew, Fudge, Alfajores",1,0.000107284626113078
"1077","Tea, Tea, Tea, Brownie, Bread",1,0.000107284626113078
"1078","Tea, Tea, The Nomad, Pastry",1,0.000107284626113078
"1079","Tea, Tea, Toast",1,0.000107284626113078
"1080","Tea, Tiffin, Brownie",1,0.000107284626113078
"1081","Tea, Truffles",1,0.000107284626113078
"1082","The Nomad, Coffee, Coffee",1,0.000107284626113078
"1083","The Nomad, Coffee, Farm House, Coffee",1,0.000107284626113078
"1084","The Nomad, Duck egg, Coffee, Coffee, Tea",1,0.000107284626113078
"1085","The Nomad, Frittata, Sandwich, Coffee, Coffee, Bread",1,0.000107284626113078
"1086","The Nomad, Granola, Coffee, Coffee, Cookies, Pastry, Scone, Tea",1,0.000107284626113078
"1087","The Nomad, Spanish Brunch, Tea, Bread",1,0.000107284626113078
"1088","Tiffin, Bread",1,0.000107284626113078
"1089","Tiffin, Bread, Bread",1,0.000107284626113078
"1090","Tiffin, Bread, Smoothies, Coffee, Jammie Dodgers, Sandwich",1,0.000107284626113078
"1091","Tiffin, Coffee, Tea",1,0.000107284626113078
"1092","Tiffin, Muffin, The Nomad, Truffles, Bread",1,0.000107284626113078
"1093","Tiffin, Scone, Tea",1,0.000107284626113078
"1094","Tiffin, Smoothies, Coffee",1,0.000107284626113078
"1095","Toast, Bread",1,0.000107284626113078
"1096","Toast, Bread, Tea, Cookies",1,0.000107284626113078
"1097","Toast, Granola, Pastry, Coffee, Bread",1,0.000107284626113078
"1098","Toast, Scone, Brownie, Coffee, Coke",1,0.000107284626113078
"1099","Toast, Truffles, Bread",1,0.000107284626113078
"1100","Truffles, Bread",1,0.000107284626113078
"1101","Truffles, Bread, Sandwich, Soup",1,0.000107284626113078
"1102","Truffles, Cake, Scandinavian, Coffee",1,0.000107284626113078
"1103","Truffles, Chicken Stew",1,0.000107284626113078
"1104","Truffles, Coffee, Alfajores",1,0.000107284626113078
"1105","Truffles, Coffee, Sandwich, Spanish Brunch, Brownie",1,0.000107284626113078
"1106","Truffles, Coffee, The Nomad",1,0.000107284626113078
"1107","Truffles, Juice, Bread, Jammie Dodgers, Cake, Medialuna",1,0.000107284626113078
"1108","Truffles, Juice, Coffee, Bread, Pastry, Scone",1,0.000107284626113078
"1109","Truffles, Tea, Soup, Salad, Cookies, Bread",1,0.000107284626113078
"1110","Vegan mincepie, Cookies, Tiffin, Bread",1,0.000107284626113078
